[
  {
    "name": "Michael Phelps",
    "continent": "América",
    "sport": "Natación",
    "participations": 4,
    "gender": "M",
    "medallas": 28
  },
  {
    "name": "Larisa Latynina",
    "continent": "Europa",
    "sport": "Gimnasia",
    "participations": 3,
    "gender": "F",
    "medallas": 18
  },
  {
    "name": "Nikolai Andrianov",
    "continent": "Europa",
    "sport": "Gimnasia",
    "participations": 3,
    "gender": "M",
    "medallas": 15
  },
  {
    "name": "Katie Ledecky",
    "continent": "América",
    "sport": "Natación",
    "participations": 4,
    "gender": "F",
    "medallas": 14
  },
  {
    "name": "Isabell Werth",
    "continent": "Europa",
    "sport": "Equitación",
    "participations": 9,
    "gender": "F",
    "medallas": 14
  },
  {
    "name": "Emma McKeon",
    "continent": "Oceanía",
    "sport": "Natación",
    "participations": 3,
    "gender": "F",
    "medallas": 14
  },
  {
    "name": "Boris Shakhlin",
    "continent": "Europa",
    "sport": "Gimnasia",
    "participations": 3,
    "gender": "M",
    "medallas": 13
  },
  {
    "name": "Edoardo Mangiarotti",
    "continent": "Europa",
    "sport": "Esgrima",
    "participations": 7,
    "gender": "M",
    "medallas": 13
  },
  {
    "name": "Paavo Nurmi",
    "continent": "Europa",
    "sport": "Atletismo",
    "participations": 3,
    "gender": "M",
    "medallas": 12
  },
  {
    "name": "Birgit Fischer",
    "continent": "Europa",
    "sport": "Piragüismo",
    "participations": 7,
    "gender": "F",
    "medallas": 12
  },
  {
    "name": "Sawao Kato",
    "continent": "Asia",
    "sport": "Gimnasia",
    "participations": 3,
    "gender": "M",
    "medallas": 12
  },
  {
    "name": "Jenny Thompson",
    "continent": "América",
    "sport": "Natación",
    "participations": 4,
    "gender": "F",
    "medallas": 12
  },
  {
    "name": "Ryan Lochte",
    "continent": "América",
    "sport": "Natación",
    "participations": 4,
    "gender": "M",
    "medallas": 12
  },
  {
    "name": "Mark Spitz",
    "continent": "América",
    "sport": "Natación",
    "participations": 2,
    "gender": "M",
    "medallas": 11
  },
  {
    "name": "Matt Biondi",
    "continent": "América",
    "sport": "Natación",
    "participations": 3,
    "gender": "M",
    "medallas": 11
  },
  {
    "name": "Vera Cáslavská",
    "continent": "Europa",
    "sport": "Gimnasia",
    "participations": 3,
    "gender": "F",
    "medallas": 11
  },
  {
    "name": "Viktor Chukarin",
    "continent": "Europa",
    "sport": "Gimnasia",
    "participations": 2,
    "gender": "M",
    "medallas": 11
  },
  {
    "name": "Allyson Felix",
    "continent": "América",
    "sport": "Atletismo",
    "participations": 5,
    "gender": "F",
    "medallas": 11
  },
  {
    "name": "Simone Biles",
    "continent": "América",
    "sport": "Gimnasia",
    "participations": 3,
    "gender": "F",
    "medallas": 11
  },
  {
    "name": "Carl Lewis",
    "continent": "América",
    "sport": "Atletismo",
    "participations": 4,
    "gender": "M",
    "medallas": 10
  },
  {
    "name": "Caeleb Dressel",
    "continent": "América",
    "sport": "Natación",
    "participations": 3,
    "gender": "M",
    "medallas": 10
  },
  {
    "name": "Aladár Gerevich",
    "continent": "Europa",
    "sport": "Esgrima",
    "participations": 8,
    "gender": "M",
    "medallas": 10
  },
  {
    "name": "Akinori Nakayama",
    "continent": "Asia",
    "sport": "Gimnasia",
    "participations": 2,
    "gender": "M",
    "medallas": 10
  },
  {
    "name": "Vitaly Scherbo",
    "continent": "Europa",
    "sport": "Gimnasia",
    "participations": 2,
    "gender": "M",
    "medallas": 10
  },
  {
    "name": "Lisa Carrington",
    "continent": "Oceanía",
    "sport": "Piragüismo",
    "participations": 4,
    "gender": "F",
    "medallas": 9
  },
  {
    "name": "Jason Kenny",
    "continent": "Europa",
    "sport": "Ciclismo",
    "participations": 4,
    "gender": "M",
    "medallas": 9
  },
  {
    "name": "Hubert Van Innis",
    "continent": "Europa",
    "sport": "Tiro con arco",
    "participations": 6,
    "gender": "M",
    "medallas": 9
  },
  {
    "name": "Valentina Vezzali",
    "continent": "Europa",
    "sport": "Esgrima",
    "participations": 5,
    "gender": "F",
    "medallas": 9
  },
  {
    "name": "Ray Ewry",
    "continent": "América",
    "sport": "Atletismo",
    "participations": 3,
    "gender": "M",
    "medallas": 8
  },
  {
    "name": "Usain Bolt",
    "continent": "América",
    "sport": "Atletismo",
    "participations": 3,
    "gender": "M",
    "medallas": 8
  },
  {
    "name": "Gert Fredriksson",
    "continent": "Europa",
    "sport": "Piragüismo",
    "participations": 4,
    "gender": "M",
    "medallas": 8
  },
  {
    "name": "Danuta Kozák",
    "continent": "Europa",
    "sport": "Piragüismo",
    "participations": 4,
    "gender": "F",
    "medallas": 8
  },
  {
    "name": "Reiner Klimke",
    "continent": "Europa",
    "sport": "Equitación",
    "participations": 7,
    "gender": "M",
    "medallas": 8
  },
  {
    "name": "Svetlana Romáshina",
    "continent": "Europa",
    "sport": "Natación sincronizada",
    "participations": 4,
    "gender": "F",
    "medallas": 7
  },
  {
    "name": "Chris Hoy",
    "continent": "Europa",
    "sport": "Ciclismo",
    "participations": 4,
    "gender": "M",
    "medallas": 7
  },
  {
    "name": "Pál Kovács",
    "continent": "Europa",
    "sport": "Esgrima",
    "participations": 7,
    "gender": "M",
    "medallas": 7
  },
  {
    "name": "Rudolf Kárpáti",
    "continent": "Europa",
    "sport": "Esgrima",
    "participations": 4,
    "gender": "M",
    "medallas": 6
  },
  {
    "name": "Nedo Nadi",
    "continent": "Europa",
    "sport": "Esgrima",
    "participations": 3,
    "gender": "M",
    "medallas": 6
  },
  {
    "name": "Kristin Otto",
    "continent": "Europa",
    "sport": "Natación",
    "participations": 1,
    "gender": "F",
    "medallas": 6
  },
  {
    "name": "Amy Van Dyken",
    "continent": "América",
    "sport": "Natación",
    "participations": 2,
    "gender": "F",
    "medallas": 6
  }
]