[
    {
        "Inicio": "0",
        "Duracion": "2.48",
        "Categoria": "Otro"
    },
    {
        "Inicio": "2.48",
        "Duracion": "0.02",
        "Categoria": "Crossover"
    },
    {
        "Inicio": "2.5",
        "Duracion": "2.37",
        "Categoria": "Musica"
    },
    {
        "Inicio": "5.27",
        "Duracion": "4.08",
        "Categoria": "Ogro"
    },
    {
        "Inicio": "9.35",
        "Duracion": "1.5",
        "Categoria": "Comico"
    },
    {
        "Inicio": "11.25",
        "Duracion": "2.31",
        "Categoria": "Otro"
    },
    {
        "Inicio": "13.56",
        "Duracion": "1.04",
        "Categoria": "Comico"
    },
    {
        "Inicio": "15",
        "Duracion": "0.33",
        "Categoria": "Otro"
    },
    {
        "Inicio": "15.33",
        "Duracion": "1.47",
        "Categoria": "Comico"
    },
    {
        "Inicio": "17.2",
        "Duracion": "3.18",
        "Categoria": "Otro"
    },
    {
        "Inicio": "20.38",
        "Duracion": "1.02",
        "Categoria": "Musica"
    },
    {
        "Inicio": "21.4",
        "Duracion": "1.33",
        "Categoria": "Otro"
    },
    {
        "Inicio": "23.13",
        "Duracion": "0.13",
        "Categoria": "Ogro"
    },
    {
        "Inicio": "23.26",
        "Duracion": "3.15",
        "Categoria": "Otro"
    },
    {
        "Inicio": "26.41",
        "Duracion": "0.31",
        "Categoria": "Comico"
    },
    {
        "Inicio": "27.12",
        "Duracion": "2.48",
        "Categoria": "Otro"
    },
    {
        "Inicio": "30",
        "Duracion": "1",
        "Categoria": "Musica"
    },
    {
        "Inicio": "31",
        "Duracion": "3.09",
        "Categoria": "Otro"
    },
    {
        "Inicio": "34.09",
        "Duracion": "1.51",
        "Categoria": "Comico"
    },
    {
        "Inicio": "36",
        "Duracion": "10.48",
        "Categoria": "Otro"
    },
    {
        "Inicio": "46.48",
        "Duracion": "0.49",
        "Categoria": "Musica"
    },
    {
        "Inicio": "47.37",
        "Duracion": "1.46",
        "Categoria": "Otro"
    },
    {
        "Inicio": "49.23",
        "Duracion": "0.04",
        "Categoria": "Comico"
    },
    {
        "Inicio": "49.27",
        "Duracion": "8.16",
        "Categoria": "Otro"
    },
    {
        "Inicio": "57.43",
        "Duracion": "0.26",
        "Categoria": "Musica"
    },
    {
        "Inicio": "58.09",
        "Duracion": "6.16",
        "Categoria": "Otro"
    },
    {
        "Inicio": "64.25",
        "Duracion": "0.09",
        "Categoria": "Crossover"
    },
    {
        "Inicio": "64.34",
        "Duracion": "0.36",
        "Categoria": "Otro"
    },
    {
        "Inicio": "65.1",
        "Duracion": "0.17",
        "Categoria": "crossover"
    },
    {
        "Inicio": "65.27",
        "Duracion": "2.35",
        "Categoria": "Otro"
    },
    {
        "Inicio": "68.02",
        "Duracion": "0.13",
        "Categoria": "Comico"
    },
    {
        "Inicio": "68.15",
        "Duracion": "1.42",
        "Categoria": "Crossover"
    },
    {
        "Inicio": "69.57",
        "Duracion": "1.55",
        "Categoria": "Otro"
    },
    {
        "Inicio": "71.52",
        "Duracion": "2.22",
        "Categoria": "Musica"
    },
    {
        "Inicio": "74.14",
        "Duracion": "1.55",
        "Categoria": "Otro"
    },
    {
        "Inicio": "76.09",
        "Duracion": "0.09",
        "Categoria": "Ogro"
    },
    {
        "Inicio": "76.18",
        "Duracion": "0.39",
        "Categoria": "Crossover"
    },
    {
        "Inicio": "76.57",
        "Duracion": "4.17",
        "Categoria": "Otro"
    },
    {
        "Inicio": "81.14",
        "Duracion": "1.28",
        "Categoria": "Musica"
    },
    {
        "Inicio": "82.42",
        "Duracion": "10.18",
        "Categoria": "Otro"
    },
    {
        "Inicio": "93",
        "Duracion": "",
        "Categoria": ""
    }
]